name,team,cluster_label
Ryan Reaves,MIN,Bruiser
Ilya Lyubushkin,BUF,Defensive Minded
Matt Irwin,WSH,Bruiser
Kevin Bahl,NJD,Support Player
Robby Fabbri,DET,Support Player
Michael Bunting,TOR,Offensive All Star
Alex Iafallo,LAK,Defensive Minded
Jonathan Toews,CHI,Defensive Minded
Erik Johnson,COL,Defensive Minded
Mason Appleton,WPG,Support Player
Adam Henrique,ANA,Defensive Minded
Morgan Frost,PHI,Offensive All Star
Ben Hutton,VGK,Support Player
Noel Acciari,TOR,Bruiser
Dylan McIlrath,WSH,Support Player
Danton Heinen,PIT,Defensive Minded
Adam Ginning,PHI,Support Player
Marcus Johansson,MIN,Defensive Minded
Zemgus Girgensons,BUF,Defensive Minded
Kent Johnson,CBJ,Defensive Minded
Jonathan Drouin,MTL,Defensive Minded
Tyler Angle,CBJ,Support Player
Dominik Kubalik,DET,Defensive Minded
Brandon Duhaime,MIN,Bruiser
Brett Ritchie,ARI,Defensive Minded
Nathan Smith,ARI,Support Player
Alec Martinez,VGK,Defensive Minded
Juuso Parssinen,NSH,Defensive Minded
Vinni Lettieri,BOS,Support Player
Alexander Edler,LAK,Bruiser
Travis Boyd,ARI,Defensive Minded
Kyle Okposo,BUF,Defensive Minded
John Klingberg,MIN,Defensive Minded
Jean-Luc Foudy,COL,Support Player
Rasmus Andersson,CGY,Defensive Minded
Rasmus Ristolainen,PHI,Bruiser
Nate Schmidt,WPG,Defensive Minded
Brendan Gaunce,CBJ,Support Player
Lars Eller,COL,Offensive All Star
Marco Rossi,MIN,Support Player
Alexandre Carrier,NSH,Support Player
Vladislav Kolyachonok,ARI,Support Player
Sean Walker,LAK,Defensive Minded
Dmitri Samorukov,STL,Support Player
Ryan Johansen,NSH,Defensive Minded
William Bitten,STL,Support Player
Sebastian Aho,NYI,Defensive Minded
Ryan Poehling,PIT,Defensive Minded
Darren Raddysh,TBL,Support Player
Joel Teasdale,MTL,Support Player
Anthony Beauvillier,VAN,Offensive All Star
Karson Kuhlman,WPG,Support Player
Trey Fix-Wolansky,CBJ,Support Player
Craig Smith,WSH,Defensive Minded
Nico Sturm,SJS,Offensive All Star
Thomas Harley,DAL,Support Player
Erik Haula,NJD,Offensive All Star
Carl Grundstrom,LAK,Defensive Minded
Jackson LaCombe,ANA,Support Player
Alex Ovechkin,WSH,Offensive All Star
Kasperi Kapanen,STL,Defensive Minded
Tobias Bjornfot,LAK,Support Player
Ryan Suter,DAL,Defensive Minded
Simon Edvinsson,DET,Support Player
Cal Foote,NSH,Bruiser
Radko Gudas,FLA,Bruiser
Kaapo Kakko,NYR,Offensive All Star
Matt Grzelcyk,BOS,Defensive Minded
Max Jones,ANA,Bruiser
Arnaud Durandeau,NYI,Support Player
Otto Koivula,NYI,Support Player
Jordan Martinook,CAR,Offensive All Star
Jordan Harris,MTL,Defensive Minded
Jason Demers,EDM,Support Player
Isac Lundestrom,ANA,Defensive Minded
Calvin de Haan,CAR,Defensive Minded
Mark Stone,VGK,Defensive Minded
Matt Benning,SJS,Defensive Minded
Corey Schueneman,MTL,Support Player
Mikael Pyyhtia,CBJ,Support Player
Connor McDavid,EDM,Offensive All Star
JJ Peterka,BUF,Defensive Minded
Ivan Provorov,PHI,Defensive Minded
Drew Helleson,ANA,Support Player
Pierre Engvall,NYI,Defensive Minded
Nikita Zadorov,CGY,Bruiser
Tommy Novak,NSH,Defensive Minded
Victor Hedman,TBL,Offensive All Star
Josh Archibald,PIT,Bruiser
Nils Hoglander,VAN,Support Player
Jakub Zboril,BOS,Support Player
Taylor Raddysh,CHI,Defensive Minded
Kevin Labanc,SJS,Offensive All Star
Will Cuylle,NYR,Support Player
Aaron Ekblad,FLA,Bruiser
Luke Philp,CHI,Support Player
Gustav Forsling,FLA,Offensive All Star
Morgan Barron,WPG,Bruiser
Jack Rathbone,VAN,Support Player
Alex Killorn,TBL,Offensive All Star
Joel Eriksson Ek,MIN,Offensive All Star
Joona Koppanen,BOS,Support Player
Matt Coronato,CGY,Support Player
Devin Shore,EDM,Support Player
David Gustafsson,WPG,Support Player
Dawson Mercer,NJD,Offensive All Star
Elliot Desnoyers,PHI,Support Player
Matthew Kessel,STL,Support Player
Patrik Laine,CBJ,Defensive Minded
Derek Ryan,EDM,Defensive Minded
Tyler Kleven,OTT,Support Player
John Marino,NJD,Defensive Minded
Ben Meyers,COL,Support Player
Brock Nelson,NYI,Offensive All Star
Jani Hakanp,DAL,Bruiser
Simon Benoit,ANA,Bruiser
Blake Lizotte,LAK,Offensive All Star
Michael Rasmussen,DET,Defensive Minded
Derek Forbort,BOS,Defensive Minded
Trent Frederic,BOS,Bruiser
Alexander Alexeyev,WSH,Support Player
Calle Jarnkrok,TOR,Defensive Minded
Jonas Brodin,MIN,Defensive Minded
Timo Meier,NJD,Offensive All Star
Andrei Svechnikov,CAR,Offensive All Star
Patrice Bergeron,BOS,Offensive All Star
Marc Staal,FLA,Bruiser
Egor Zamula,PHI,Support Player
Jonas Siegenthaler,NJD,Bruiser
Evgeny Svechnikov,SJS,Defensive Minded
Dakota Mermis,MIN,Support Player
Justin Braun,PHI,Support Player
Blake Coleman,CGY,Offensive All Star
Rem Pitlick,MTL,Defensive Minded
John Hayden,SEA,Support Player
Brayden McNabb,VGK,Bruiser
Zac Jones,NYR,Support Player
Ondrej Palat,NJD,Defensive Minded
Nicolas Roy,VGK,Defensive Minded
Pavel Buchnevich,STL,Offensive All Star
Elias Lindholm,CGY,Offensive All Star
Sam Poulin,PIT,Support Player
Alex Galchenyuk,COL,Support Player
Troy Stecher,CGY,Defensive Minded
Bryan Rust,PIT,Offensive All Star
Reilly Smith,VGK,Offensive All Star
Sammy Blais,STL,Bruiser
John Carlson,WSH,Defensive Minded
CJ Suess,SJS,Support Player
Jarred Tinordi,CHI,Bruiser
Valeri Nichushkin,COL,Defensive Minded
Lawson Crouse,ARI,Offensive All Star
Rickard Rakell,PIT,Offensive All Star
Arber Xhekaj,MTL,Bruiser
Erik Cernak,TBL,Bruiser
Ian Mitchell,CHI,Support Player
Matthew Phillips,CGY,Support Player
Mattias Ekholm,EDM,Defensive Minded
Casey Mittelstadt,BUF,Offensive All Star
Connor Dewar,MIN,Defensive Minded
Brett Howden,VGK,Bruiser
Nick Leddy,STL,Defensive Minded
Ryan McLeod,EDM,Defensive Minded
Brendan Smith,NJD,Bruiser
Ryan McDonagh,NSH,Defensive Minded
Fabian Zetterlund,SJS,Defensive Minded
Vincent Desharnais,EDM,Support Player
Vince Dunn,SEA,Offensive All Star
Nikita Nesterenko,ANA,Support Player
Brent Burns,CAR,Offensive All Star
Jack McBain,ARI,Bruiser
Oliver Wahlstrom,NYI,Defensive Minded
Roman Josi,NSH,Offensive All Star
William Eklund,SJS,Support Player
Ethan Bear,VAN,Defensive Minded
Derick Brassard,OTT,Defensive Minded
Darren Helm,COL,Support Player
Matt Luff,DET,Support Player
Nick Bjugstad,EDM,Offensive All Star
Quinton Byfield,LAK,Defensive Minded
Mikael Backlund,CGY,Offensive All Star
Chris Wideman,MTL,Defensive Minded
Joel Armia,MTL,Defensive Minded
Tyler Motte,NYR,Defensive Minded
Yegor Sharangovich,NJD,Defensive Minded
Aatu Raty,VAN,Support Player
Brock Boeser,VAN,Defensive Minded
Benoit-Olivier Groulx,ANA,Support Player
Cole McWard,VAN,Support Player
Erik Gudbranson,CBJ,Bruiser
Travis Sanheim,PHI,Defensive Minded
Ronnie Attard,PHI,Support Player
Thomas Chabot,OTT,Bruiser
Jamie Oleksiak,SEA,Bruiser
Kris Letang,PIT,Bruiser
Wayne Simmonds,TOR,Support Player
Brandon Tanev,SEA,Bruiser
Alexander Holtz,NJD,Support Player
Nick Ritchie,CGY,Bruiser
K'Andre Miller,NYR,Offensive All Star
Andreas Athanasiou,CHI,Offensive All Star
Parker Kelly,OTT,Bruiser
Marcus Pettersson,PIT,Bruiser
Mika Zibanejad,NYR,Offensive All Star
Axel Jonsson-Fjallby,WPG,Defensive Minded
William Karlsson,VGK,Offensive All Star
Nic Dowd,WSH,Defensive Minded
Tanner Laczynski,PHI,Support Player
Josh Brown,ARI,Bruiser
Michael McLeod,NJD,Offensive All Star
Ryan Donato,SEA,Defensive Minded
Ridly Greig,OTT,Support Player
Parker Wotherspoon,NYI,Support Player
Joseph Cramarossa,MIN,Support Player
Brandon Saad,STL,Defensive Minded
Gabriel Fortier,TBL,Support Player
Brad Marchand,BOS,Offensive All Star
Nils Aman,VAN,Defensive Minded
Jason Dickinson,CHI,Offensive All Star
Jan Rutta,PIT,Defensive Minded
Lassi Thomson,OTT,Support Player
Jacob Bryson,BUF,Support Player
Aliaksei Protas,WSH,Defensive Minded
Nathan Beaulieu,ANA,Support Player
Adrian Kempe,LAK,Offensive All Star
Paul Stastny,CAR,Defensive Minded
Cody Glass,NSH,Defensive Minded
Beck Malenstyn,WSH,Support Player
Roope Hintz,DAL,Offensive All Star
Nick Schmaltz,ARI,Offensive All Star
Max Domi,DAL,Offensive All Star
Jesper Bratt,NJD,Offensive All Star
Connor Murphy,CHI,Bruiser
Kirill Kaprizov,MIN,Offensive All Star
Alex Nylander,PIT,Support Player
Kyle Criscuolo,SJS,Support Player
Aleksander Barkov,FLA,Offensive All Star
Connor Mackey,ARI,Defensive Minded
Libor Hajek,NYR,Support Player
Justin Faulk,STL,Offensive All Star
Noah Juulsen,VAN,Support Player
Henri Jokiharju,BUF,Defensive Minded
Mattias Samuelsson,BUF,Defensive Minded
Quinn Hughes,VAN,Offensive All Star
Artemi Panarin,NYR,Offensive All Star
Nick Swaney,MIN,Support Player
Jordan Oesterle,DET,Support Player
Dan Renouf,BOS,Support Player
MacKenzie Weegar,CGY,Bruiser
Michael Stone,CGY,Defensive Minded
Alex Newhook,COL,Defensive Minded
Travis Hamonic,OTT,Bruiser
Tony DeAngelo,PHI,Defensive Minded
Pierre-Edouard Bellemare,TBL,Defensive Minded
Sean Kuraly,CBJ,Bruiser
Patric Hornqvist,FLA,Support Player
Marcus Foligno,MIN,Bruiser
Kristian Reichel,WPG,Support Player
Brett Leason,ANA,Support Player
Drew Doughty,LAK,Defensive Minded
Drake Batherson,OTT,Offensive All Star
Trevor Moore,LAK,Defensive Minded
Kailer Yamamoto,EDM,Defensive Minded
Filip Zadina,DET,Support Player
Matt Kiersted,FLA,Support Player
Brandon Hagel,TBL,Offensive All Star
Cole Smith,NSH,Bruiser
Colin Miller,DAL,Bruiser
Matt Nieto,COL,Defensive Minded
Tyler Tucker,STL,Support Player
Calle Rosen,STL,Defensive Minded
Adam Lowry,WPG,Offensive All Star
Conor Garland,VAN,Offensive All Star
Jaret Anderson-Dolan,LAK,Support Player
Boone Jenner,CBJ,Offensive All Star
Anthony Cirelli,TBL,Defensive Minded
Tyson Jost,BUF,Defensive Minded
Kiefer Sherwood,NSH,Defensive Minded
Owen Power,BUF,Defensive Minded
Nikita Kucherov,TBL,Offensive All Star
A.J. Greer,BOS,Bruiser
Lucas Johansen,WSH,Support Player
Steven Lorentz,SJS,Defensive Minded
Connor Clifton,BOS,Bruiser
Ville Heinola,WPG,Support Player
Saku Maenalanen,WPG,Defensive Minded
Rasmus Dahlin,BUF,Offensive All Star
Noah Dobson,NYI,Offensive All Star
David Jiricek,CBJ,Support Player
Logan Brown,STL,Support Player
Shayne Gostisbehere,CAR,Defensive Minded
Lias Andersson,LAK,Support Player
Cody Ceci,EDM,Bruiser
Christian Fischer,ARI,Defensive Minded
Adam Pelech,NYI,Defensive Minded
Caleb Jones,CHI,Bruiser
Brandon Carlo,BOS,Bruiser
Steven Santini,STL,Support Player
Kyle Capobianco,WPG,Support Player
Alex Barr-Boulet,TBL,Support Player
Nick Abruzzese,TOR,Support Player
Billy Sweezey,CBJ,Support Player
Filip Chytil,NYR,Offensive All Star
Zach Aston-Reese,TOR,Bruiser
Robert Hagg,DET,Defensive Minded
Travis Konecny,PHI,Offensive All Star
Jujhar Khaira,CHI,Defensive Minded
Nick Cousins,FLA,Defensive Minded
Pontus Holmberg,TOR,Support Player
Tomas Nosek,BOS,Defensive Minded
Steven Stamkos,TBL,Offensive All Star
Connor Brown,WSH,Support Player
Alexis Lafrenire,NYR,Offensive All Star
Mikhail Maltsev,COL,Support Player
Semyon Der-Arguchintsev,TOR,Support Player
Jesper Fast,CAR,Defensive Minded
Radek Faksa,DAL,Defensive Minded
Olle Lycksell,PHI,Support Player
Pat Maroon,TBL,Bruiser
Nick Foligno,BOS,Bruiser
Marian Studenic,DAL,Support Player
Jon Merrill,MIN,Defensive Minded
Zach Whitecloud,VGK,Defensive Minded
Michael McCarron,NSH,Support Player
Vladislav Namestnikov,WPG,Defensive Minded
Filip Kral,TOR,Support Player
Brayden Pachal,VGK,Support Player
Jackson Cates,PHI,Support Player
Tanner Pearson,VAN,Support Player
Nicklas Backstrom,WSH,Defensive Minded
Luke Evangelista,NSH,Support Player
Morgan Rielly,TOR,Defensive Minded
William Carrier,VGK,Defensive Minded
Sam Steel,MIN,Defensive Minded
Justin Schultz,SEA,Defensive Minded
Brock McGinn,ANA,Defensive Minded
Sheldon Dries,VAN,Defensive Minded
Dmitry Kulikov,PIT,Defensive Minded
Philip Tomasino,NSH,Support Player
Colton Parayko,STL,Bruiser
Chris Wagner,BOS,Support Player
Max Pacioretty,CAR,Support Player
Nathan Bastian,NJD,Defensive Minded
Jesse Puljujarvi,CAR,Bruiser
Nick Bonino,PIT,Defensive Minded
Jeff Petry,PIT,Bruiser
Mike Matheson,MTL,Defensive Minded
Christian Dvorak,MTL,Defensive Minded
Alexander Romanov,NYI,Bruiser
Jack Johnson,COL,Bruiser
Jonathan Marchessault,VGK,Offensive All Star
Derek Grant,ANA,Defensive Minded
Trevor van Riemsdyk,WSH,Defensive Minded
Mathieu Joseph,OTT,Defensive Minded
Evgenii Dadonov,DAL,Defensive Minded
Cole Koepke,TBL,Support Player
Roland McKeown,NSH,Support Player
Andreas Johnsson,SJS,Support Player
Esa Lindell,DAL,Defensive Minded
Nick Cicek,SJS,Support Player
Alex DeBrincat,OTT,Offensive All Star
Alex Belzile,MTL,Defensive Minded
Nils Lundkvist,DAL,Defensive Minded
Paul Cotter,VGK,Defensive Minded
Brayden Schenn,STL,Offensive All Star
Casey Fitzgerald,FLA,Support Player
Kurtis MacDermid,COL,Bruiser
Stefan Noesen,CAR,Defensive Minded
Brad Hunt,COL,Support Player
Ian Cole,TBL,Bruiser
Jake Walman,DET,Defensive Minded
Radim Simek,SJS,Defensive Minded
Zack MacEwen,LAK,Bruiser
Kyle Burroughs,VAN,Bruiser
Nick Holden,OTT,Defensive Minded
Samuel Walker,MIN,Support Player
Jacob Bernard-Docker,OTT,Support Player
Dryden Hunt,TOR,Support Player
Josh Leivo,STL,Defensive Minded
Joe Pavelski,DAL,Offensive All Star
Matias Maccelli,ARI,Defensive Minded
Mac Hollowell,TOR,Support Player
Casey Cizikas,NYI,Bruiser
Kevin Stenlund,WPG,Defensive Minded
Travis Dermott,VAN,Support Player
Vincent Trocheck,NYR,Offensive All Star
Brett Kulak,EDM,Bruiser
Wade Allison,PHI,Bruiser
Alex Vlasic,CHI,Support Player
Will Borgen,SEA,Bruiser
Luke Schenn,TOR,Bruiser
Shane Bowers,COL,Support Player
Max Comtois,ANA,Bruiser
Rasmus Sandin,WSH,Bruiser
Tyler Myers,VAN,Bruiser
Brian Dumoulin,PIT,Defensive Minded
Dominic Toninato,WPG,Support Player
Dennis Cholowski,NYI,Support Player
Bokondji Imama,ARI,Support Player
Nicolas Deslauriers,PHI,Bruiser
Scott Laughton,PHI,Bruiser
Nick DeSimone,CGY,Support Player
Robert Thomas,STL,Offensive All Star
Ty Smith,PIT,Support Player
David Krejci,BOS,Offensive All Star
Glenn Gawdin,ANA,Support Player
Evan Bouchard,EDM,Offensive All Star
Mike Hoffman,MTL,Defensive Minded
Alex Turcotte,LAK,Support Player
Oliver Bjorkstrand,SEA,Offensive All Star
Nick Perbix,TBL,Defensive Minded
Urho Vaakanainen,ANA,Support Player
Jesper Boqvist,NJD,Defensive Minded
Austin Czarnik,DET,Support Player
Adam Boqvist,CBJ,Defensive Minded
Phil Kessel,VGK,Defensive Minded
Michael Kesselring,ARI,Support Player
Filip Hallander,PIT,Support Player
Marc-Edouard Vlasic,SJS,Defensive Minded
Sam Carrick,ANA,Bruiser
Joey Anderson,CHI,Support Player
Akito Hirose,VAN,Support Player
Jamie Drysdale,ANA,Support Player
Dylan Larkin,DET,Offensive All Star
Anton Levtchi,FLA,Support Player
Adam Fox,NYR,Offensive All Star
Taylor Fedun,PIT,Support Player
Jake Evans,MTL,Defensive Minded
William Nylander,TOR,Offensive All Star
Fredrik Karlstrom,DAL,Support Player
Yanni Gourde,SEA,Offensive All Star
Juraj Slafkovsky,MTL,Support Player
Adam Beckman,MIN,Support Player
Samuel Girard,COL,Defensive Minded
Kevin Fiala,LAK,Offensive All Star
Jake Neighbours,STL,Support Player
Joel Edmundson,MTL,Bruiser
Hampus Lindholm,BOS,Offensive All Star
Tyler Bertuzzi,BOS,Defensive Minded
Justin Barron,MTL,Defensive Minded
Frank Vatrano,ANA,Offensive All Star
Egor Sokolov,OTT,Support Player
William Lockwood,VAN,Support Player
Ryan Graves,NJD,Defensive Minded
Zach Werenski,CBJ,Support Player
Hayden Hodgson,PHI,Support Player
Radim Zohorna,TOR,Support Player
Victor Soderstrom,ARI,Support Player
Mikey Anderson,LAK,Bruiser
Andre Burakovsky,SEA,Defensive Minded
Denis Malgin,COL,Defensive Minded
Charlie Coyle,BOS,Offensive All Star
Lukas Reichel,CHI,Support Player
Tyler Benson,EDM,Support Player
Elias Pettersson,VAN,Offensive All Star
Dylan Holloway,EDM,Defensive Minded
Liam Foudy,CBJ,Defensive Minded
Jonatan Berggren,DET,Defensive Minded
Mathieu Olivier,CBJ,Bruiser
Timothy Liljegren,TOR,Defensive Minded
Bo Horvat,NYI,Offensive All Star
Dante Fabbro,NSH,Bruiser
Spencer Stastney,NSH,Support Player
Miles Wood,NJD,Bruiser
Nikolai Knyzhov,SJS,Support Player
Riley Tufte,DAL,Support Player
Marcus Bjork,CBJ,Support Player
Tim Berni,CBJ,Bruiser
Riley Stillman,BUF,Defensive Minded
Frederick Gaudreau,MIN,Defensive Minded
Colin White,FLA,Defensive Minded
Garnet Hathaway,BOS,Bruiser
Alex Chiasson,DET,Support Player
Drew O'Connor,PIT,Defensive Minded
Elmer Soderblom,DET,Support Player
Warren Foegele,EDM,Offensive All Star
David Savard,MTL,Defensive Minded
Filip Forsberg,NSH,Defensive Minded
Mark Friedman,PIT,Support Player
Jonathan Huberdeau,CGY,Offensive All Star
Jordan Staal,CAR,Offensive All Star
Andrew Mangiapane,CGY,Offensive All Star
Isaak Phillips,CHI,Support Player
Pavel Dorofeyev,VGK,Support Player
Jacob Peterson,SJS,Support Player
Brock Faber,MIN,Support Player
Jean-Sebastien Dea,ARI,Support Player
Anthony Duclair,FLA,Support Player
Michael Pezzetta,MTL,Bruiser
Alexey Toropchenko,STL,Defensive Minded
William Dufour,NYI,Support Player
Alex Steeves,TOR,Support Player
Ryan Strome,ANA,Offensive All Star
Devon Toews,COL,Offensive All Star
Damon Severson,NJD,Defensive Minded
Tomas Tatar,NJD,Offensive All Star
Sam Reinhart,FLA,Offensive All Star
Colin Blackwell,CHI,Support Player
Mike Reilly,BOS,Support Player
Ryan Hartman,MIN,Offensive All Star
Ryan Lomberg,FLA,Bruiser
Brett Pesce,CAR,Defensive Minded
Mark Jankowski,NSH,Defensive Minded
Lukas Rousek,BUF,Support Player
MacKenzie Entwistle,CHI,Defensive Minded
Michael Carcone,ARI,Support Player
Kevin Rooney,CGY,Support Player
Adam Raska,SJS,Support Player
Luke Glendening,DAL,Defensive Minded
Josh Morrissey,WPG,Offensive All Star
Taylor Hall,BOS,Defensive Minded
Henrik Borgstrom,WSH,Support Player
Sean Durzi,LAK,Defensive Minded
Martin Kaut,SJS,Support Player
Josh Anderson,MTL,Bruiser
Erik Gustafsson,TOR,Defensive Minded
Brady Skjei,CAR,Offensive All Star
Corey Perry,TBL,Bruiser
Conor Sheary,WSH,Offensive All Star
Michael Eyssimont,TBL,Bruiser
Morgan Geekie,SEA,Defensive Minded
Kirill Marchenko,CBJ,Defensive Minded
Matt Boldy,MIN,Offensive All Star
Shane Wright,SEA,Support Player
Kevin Gravel,NSH,Support Player
Bobby McMann,TOR,Support Player
Brett Seney,CHI,Support Player
Klim Kostin,EDM,Bruiser
Ondrej Kase,CAR,Support Player
Kieffer Bellows,PHI,Support Player
Evgeny Kuznetsov,WSH,Offensive All Star
Scott Mayfield,NYI,Bruiser
Dillon Dube,CGY,Offensive All Star
Josh Bailey,NYI,Defensive Minded
Alex Wennberg,SEA,Offensive All Star
Buddy Robinson,CHI,Support Player
Logan O'Connor,COL,Bruiser
Kaedan Korczak,VGK,Support Player
Jesse Ylonen,MTL,Support Player
Dylan Cozens,BUF,Offensive All Star
Josh Norris,OTT,Support Player
Lucas Condotta,MTL,Support Player
Cole Perfetti,WPG,Defensive Minded
Boris Katchouk,CHI,Defensive Minded
Ilya Mikheyev,VAN,Defensive Minded
Scott Harrington,ANA,Support Player
Mitchell Marner,TOR,Offensive All Star
Braden Schneider,NYR,Bruiser
Mikko Rantanen,COL,Offensive All Star
Jansen Harkins,WPG,Support Player
Joel Hanley,DAL,Support Player
Matthew Knies,TOR,Support Player
Matthew Tkachuk,FLA,Offensive All Star
Evgeni Malkin,PIT,Offensive All Star
Artturi Lehkonen,COL,Defensive Minded
Johnny Gaudreau,CBJ,Offensive All Star
Egor Afanasyev,NSH,Support Player
Gavin Bayreuther,CBJ,Defensive Minded
Jordan Gross,NSH,Support Player
Anton Stralman,BOS,Support Player
Jordie Benn,TOR,Support Player
Anthony Richard,MTL,Support Player
Robert Bortuzzo,STL,Support Player
Mark Scheifele,WPG,Offensive All Star
Dougie Hamilton,NJD,Offensive All Star
Tucker Poolman,VAN,Support Player
Kyle Connor,WPG,Offensive All Star
Dylan Coghlan,CAR,Support Player
Nick Jensen,WSH,Offensive All Star
Brenden Dillon,WPG,Bruiser
Justin Richards,CBJ,Support Player
Chris Tierney,MTL,Support Player
Jake Leschyshyn,NYR,Support Player
Leon Draisaitl,EDM,Offensive All Star
Maxence Guenette,OTT,Support Player
Oliver Ekman-Larsson,VAN,Defensive Minded
Phillip Danault,LAK,Offensive All Star
Andy Andreoff,NYI,Support Player
Stanislav Svozil,CBJ,Support Player
Alexander Kerfoot,TOR,Defensive Minded
Steven Fogarty,MIN,Support Player
Phillip Di Giuseppe,VAN,Support Player
Ryan Murray,EDM,Support Player
Victor Olofsson,BUF,Defensive Minded
Mason Marchment,DAL,Bruiser
Nikolaj Ehlers,WPG,Defensive Minded
Carter Verhaeghe,FLA,Offensive All Star
Ryan O'Reilly,TOR,Defensive Minded
Jack Drury,CAR,Support Player
Adam Ruzicka,CGY,Defensive Minded
Reese Johnson,CHI,Bruiser
Justin Kirkland,ANA,Support Player
Damien Giroux,MIN,Support Player
Eric Staal,FLA,Offensive All Star
Niko Mikkola,NYR,Bruiser
David Kampf,TOR,Offensive All Star
Kyle Palmieri,NYI,Defensive Minded
Ryan Carpenter,NYR,Support Player
Erik Karlsson,SJS,Offensive All Star
Victor Mete,TOR,Support Player
Carson Soucy,SEA,Bruiser
Jacob Trouba,NYR,Bruiser
Brayden Point,TBL,Offensive All Star
Philipp Kurashev,CHI,Defensive Minded
Jason Zucker,PIT,Offensive All Star
Matt Dumba,MIN,Bruiser
Zach Bogosian,TBL,Defensive Minded
Johnathan Kovacevic,MTL,Bruiser
Rudolfs Balcers,TBL,Support Player
Yakov Trenin,NSH,Bruiser
Wyatt Johnston,DAL,Offensive All Star
Nicolas Hague,VGK,Bruiser
Dakota Joshua,VAN,Bruiser
Mason McTavish,ANA,Offensive All Star
Drake Caggiula,PIT,Support Player
Marc McLaughlin,BOS,Support Player
Andrew Copp,DET,Offensive All Star
Jakub Vrana,STL,Support Player
Gustav Lindstrom,DET,Support Player
Sean Farrell,MTL,Support Player
Joe Snively,WSH,Support Player
Justin Holl,TOR,Bruiser
Tage Thompson,BUF,Offensive All Star
Ryan Nugent-Hopkins,EDM,Offensive All Star
James van Riemsdyk,PHI,Defensive Minded
Jacob Larsson,OTT,Support Player
Viktor Arvidsson,LAK,Offensive All Star
Claude Giroux,OTT,Offensive All Star
Matty Beniers,SEA,Offensive All Star
Dmitry Orlov,BOS,Defensive Minded
Philip Broberg,EDM,Support Player
Oskar Sundqvist,MIN,Defensive Minded
Charlie McAvoy,BOS,Defensive Minded
Arthur Kaliyev,LAK,Defensive Minded
Michael Amadio,VGK,Defensive Minded
Daniil Miromanov,VGK,Support Player
Dylan Samberg,WPG,Defensive Minded
Zack Kassian,ARI,Support Player
Jared Spurgeon,MIN,Defensive Minded
Rourke Chartier,OTT,Support Player
Joel Kiviranta,DAL,Bruiser
Sheldon Rempal,VGK,Support Player
Noah Hanifin,CGY,Defensive Minded
Kevin Shattenkirk,ANA,Bruiser
Zac Dalpe,FLA,Support Player
Christian Wolanin,VAN,Support Player
Jonah Gadjovich,SJS,Bruiser
Anton Lundell,FLA,Defensive Minded
Hudson Fasching,NYI,Defensive Minded
Jake Muzzin,TOR,Support Player
Andrei Kuzmenko,VAN,Offensive All Star
Mark Kastelic,OTT,Bruiser
Troy Terry,ANA,Offensive All Star
John Tavares,TOR,Offensive All Star
J.T. Miller,VAN,Offensive All Star
Darnell Nurse,EDM,Offensive All Star
Cole Guttman,CHI,Support Player
Sebastian Aho,CAR,Offensive All Star
Maxime Lajoie,CAR,Support Player
Dennis Gilbert,CGY,Support Player
Calen Addison,MIN,Support Player
Jonathan Gruden,PIT,Support Player
Samuel Fagemo,LAK,Support Player
Alexander Barabanov,SJS,Offensive All Star
Jeremy Lauzon,NSH,Bruiser
Samuel Knazko,CBJ,Support Player
Oskar Steen,BOS,Support Player
Jake Livingstone,NSH,Support Player
Hugh McGing,STL,Support Player
Jordan Kyrou,STL,Offensive All Star
Jake DeBrusk,BOS,Defensive Minded
Marco Scandella,STL,Support Player
Yegor Chinakhov,CBJ,Support Player
Martin Necas,CAR,Offensive All Star
Tyson Foerster,PHI,Support Player
Jan Jenik,ARI,Support Player
Josh Mahura,FLA,Defensive Minded
Ben Harpur,NYR,Support Player
Tom Wilson,WSH,Bruiser
Gustav Nyquist,MIN,Defensive Minded
Max Willman,PHI,Support Player
Barclay Goodrow,NYR,Bruiser
Aidan McDonough,VAN,Support Player
Barrett Hayton,ARI,Offensive All Star
Alex Pietrangelo,VGK,Offensive All Star
Nick Blankenburg,CBJ,Support Player
Jesper Froden,SEA,Support Player
Fredrik Olofsson,DAL,Support Player
Chris Tanev,CGY,Defensive Minded
Marco Kasper,DET,Support Player
Jakob Chychrun,OTT,Defensive Minded
David Pastrnak,BOS,Offensive All Star
Alex Tuch,BUF,Offensive All Star
Daniel Sprong,SEA,Offensive All Star
Auston Matthews,TOR,Offensive All Star
Jeffrey Viel,SJS,Support Player
Lawrence Pilut,BUF,Support Player
Matthew Highmore,STL,Support Player
Chandler Stephenson,VGK,Offensive All Star
Nicholas Robertson,TOR,Support Player
Sampo Ranta,COL,Support Player
Derek Stepan,CAR,Defensive Minded
Frederic Allard,MTL,Support Player
Nathan Walker,STL,Defensive Minded
Mario Ferraro,SJS,Defensive Minded
Evander Kane,EDM,Bruiser
Andrew Peeke,CBJ,Bruiser
Zach Sanford,NSH,Support Player
Vitali Kravtsov,VAN,Support Player
Erik Brannstrom,OTT,Defensive Minded
Keegan Kolesar,VGK,Bruiser
James Hamblin,EDM,Support Player
Tyler Johnson,CHI,Defensive Minded
Owen Tippett,PHI,Offensive All Star
Gabriel Carlsson,WSH,Support Player
Jakub Lauko,BOS,Support Player
Aleksi Heponiemi,FLA,Support Player
Alex Goligoski,MIN,Support Player
Nino Niederreiter,WPG,Offensive All Star
Vincent Iorio,WSH,Support Player
Pierre-Olivier Joseph,PIT,Bruiser
Mason Shaw,MIN,Bruiser
Luke Kunin,SJS,Support Player
Brandon Montour,FLA,Offensive All Star
Connor McMichael,WSH,Support Player
Liam O'Brien,ARI,Bruiser
Simon Holmstrom,NYI,Support Player
Andrew Agozzino,SJS,Support Player
Lane Pederson,CBJ,Support Player
Filip Roos,CHI,Support Player
Sam Lafferty,TOR,Defensive Minded
Joe Veleno,DET,Defensive Minded
Austin Watson,OTT,Bruiser
Artem Zub,OTT,Bruiser
Brendan Lemieux,PHI,Bruiser
Robin Salo,NYI,Support Player
Olli Maatta,DET,Defensive Minded
Jacob Moverare,LAK,Support Player
Tyce Thompson,NJD,Support Player
Nikita Zaitsev,CHI,Support Player
Patrik Nemeth,ARI,Bruiser
Cam Fowler,ANA,Defensive Minded
Zach Hyman,EDM,Offensive All Star
Kaiden Guhle,MTL,Defensive Minded
Nolan Foote,NJD,Support Player
J.J. Moser,ARI,Defensive Minded
Zach Parise,NYI,Defensive Minded
John Leonard,NSH,Support Player
Chad Ruhwedel,PIT,Support Player
Haydn Fleury,TBL,Support Player
Tanner Jeannot,TBL,Bruiser
Riley Sheahan,BUF,Support Player
Luke Hughes,NJD,Support Player
Dysin Mayo,ARI,Support Player
Mattias Janmark,EDM,Defensive Minded
Owen Beck,MTL,Support Player
Jason Robertson,DAL,Offensive All Star
Jonny Brodzinski,NYR,Support Player
Givani Smith,FLA,Support Player
Jalen Chatfield,CAR,Defensive Minded
Matt Duchene,NSH,Offensive All Star
Teuvo Teravainen,CAR,Defensive Minded
Dylan DeMelo,WPG,Bruiser
Jamie Benn,DAL,Offensive All Star
Callahan Burke,COL,Support Player
Pavel Zacha,BOS,Offensive All Star
Seth Jones,CHI,Defensive Minded
Jonas Rondbjerg,VGK,Support Player
Justin Danforth,CBJ,Support Player
Nic Petan,MIN,Support Player
Rafael Harvey-Pinard,MTL,Defensive Minded
Dillon Heatherington,OTT,Support Player
Thomas Bordeleau,SJS,Support Player
T.J. Oshie,WSH,Bruiser
Jayson Megna,ANA,Support Player
Jordan Spence,LAK,Support Player
Sidney Crosby,PIT,Offensive All Star
Conor Timmins,TOR,Support Player
Ryan Pulock,NYI,Defensive Minded
Anders Bjork,CHI,Support Player
Eetu Luostarinen,FLA,Offensive All Star
Cale Makar,COL,Offensive All Star
Seth Jarvis,CAR,Defensive Minded
Oskar Olausson,COL,Support Player
Philippe Myers,TBL,Support Player
Grigori Denisenko,FLA,Support Player
Ryan Lindgren,NYR,Defensive Minded
Jack Studnicka,VAN,Defensive Minded
Anders Lee,NYI,Offensive All Star
Ben Chiarot,DET,Bruiser
Anthony Mantha,WSH,Defensive Minded
Nikita Alexandrov,STL,Support Player
Danil Gushchin,SJS,Support Player
Connor Carrick,BOS,Support Player
Mikael Granlund,PIT,Defensive Minded
Kevin Hayes,PHI,Offensive All Star
Milan Lucic,CGY,Bruiser
Eric Robinson,CBJ,Defensive Minded
Gustav Olofsson,SEA,Support Player
Jimmy Vesey,NYR,Defensive Minded
Jakub Voracek,CBJ,Support Player
Adam Erne,DET,Bruiser
Kirby Dach,MTL,Defensive Minded
Taro Hirose,DET,Support Player
Cole Caufield,MTL,Defensive Minded
Jake Bean,CBJ,Support Player
Eeli Tolvanen,SEA,Defensive Minded
Tyler Toffoli,CGY,Offensive All Star
Blake Wheeler,WPG,Offensive All Star
Jakob Pelletier,CGY,Support Player
J.T. Compher,COL,Offensive All Star
Jean-Gabriel Pageau,NYI,Defensive Minded
Samuel Bolduc,NYI,Support Player
Jake Sanderson,OTT,Defensive Minded
Jesperi Kotkaniemi,CAR,Offensive All Star
Brad Malone,EDM,Support Player
Jake Guentzel,PIT,Offensive All Star
Mike Hardman,CHI,Support Player
Cole Sillinger,CBJ,Defensive Minded
Sean Monahan,MTL,Support Player
David Perron,DET,Offensive All Star
Ross Colton,TBL,Bruiser
Nikita Okhotiuk,NJD,Support Player
Jack Roslovic,CBJ,Offensive All Star
Jared McCann,SEA,Offensive All Star
Matt Martin,NYI,Bruiser
Brandt Clarke,LAK,Support Player
Jaden Schwartz,SEA,Defensive Minded
Patrick Kane,NYR,Offensive All Star
Dylan Guenther,ARI,Support Player
Derrick Pouliot,SJS,Support Player
Trevor Lewis,CGY,Defensive Minded
Alec Regula,CHI,Support Player
Denis Gurianov,MTL,Defensive Minded
Josh Manson,COL,Defensive Minded
Lucas Carlsson,FLA,Support Player
Tyson Barrie,NSH,Defensive Minded
Nick Seeler,PHI,Bruiser
Clayton Keller,ARI,Offensive All Star
Dylan Strome,WSH,Offensive All Star
Torey Krug,STL,Defensive Minded
Milos Kelemen,ARI,Support Player
Carson Meyer,CBJ,Support Player
Jeremy Davies,BUF,Support Player
Noah Gregor,SJS,Defensive Minded
Laurent Dauphin,ARI,Support Player
Markus Niemelainen,EDM,Support Player
Joel Farabee,PHI,Offensive All Star
Patrick Brown,OTT,Bruiser
TJ Brodie,TOR,Defensive Minded
Jaccob Slavin,CAR,Offensive All Star
Peyton Krebs,BUF,Defensive Minded
Nicolas Aube-Kubel,WSH,Bruiser
Jake Christiansen,CBJ,Support Player
Filip Hronek,VAN,Defensive Minded
Andrew Cogliano,COL,Defensive Minded
Austin Strand,ANA,Support Player
Vasily Podkolzin,VAN,Support Player
Mats Zuccarello,MIN,Offensive All Star
Teddy Blueger,VGK,Defensive Minded
Mark Giordano,TOR,Bruiser
Jake McCabe,TOR,Bruiser
Emil Bemstrom,CBJ,Defensive Minded
Curtis Lazar,NJD,Defensive Minded
Nicholas Paul,TBL,Offensive All Star
Guillaume Brisebois,VAN,Support Player
Ivan Barbashev,VGK,Offensive All Star
Tristen Robins,SJS,Support Player
Ty Dellandrea,DAL,Bruiser
Jeff Carter,PIT,Defensive Minded
Colton Sissons,NSH,Defensive Minded
Logan Couture,SJS,Offensive All Star
Sam Bennett,FLA,Offensive All Star
David Gust,CHI,Support Player
Jacob Lucchini,OTT,Support Player
Nathan MacKinnon,COL,Offensive All Star
Jack Quinn,BUF,Defensive Minded
Tomas Hertl,SJS,Offensive All Star
Jake Middleton,MIN,Bruiser
Sam Gagner,WPG,Support Player
Anze Kopitar,LAK,Offensive All Star
Austin Wagner,CHI,Support Player
Byron Froese,VGK,Support Player
Chris Kreider,NYR,Offensive All Star
Mark Borowiecki,NSH,Support Player
Kale Clague,BUF,Support Player
Mathew Barzal,NYI,Offensive All Star
Sonny Milano,WSH,Defensive Minded
Andreas Englund,CHI,Bruiser
Mikhail Sergachev,TBL,Offensive All Star
Jordan Greenway,BUF,Defensive Minded
Jack Eichel,VGK,Offensive All Star
Nico Hischier,NJD,Offensive All Star
Shea Theodore,VGK,Defensive Minded
Tim Sttzle,OTT,Offensive All Star
Brady Tkachuk,OTT,Offensive All Star
Tyler Seguin,DAL,Offensive All Star
Logan Stanley,WPG,Support Player
Cole Bardreau,NYI,Support Player
Henry Thrun,SJS,Support Player
Kyle Clifford,TOR,Support Player
Nikita Soshnikov,NYI,Support Player
Cal Clutterbuck,NYI,Bruiser
Pius Suter,DET,Defensive Minded
Rasmus Kupari,LAK,Defensive Minded
Jaycob Megna,SEA,Defensive Minded
Nick Suzuki,MTL,Offensive All Star
Lucas Raymond,DET,Defensive Minded
Noah Cates,PHI,Defensive Minded
Hunter McKown,CBJ,Support Player
Miro Heiskanen,DAL,Offensive All Star
Nazem Kadri,CGY,Offensive All Star
Jack Hughes,NJD,Offensive All Star
Pierre-Luc Dubois,WPG,Offensive All Star
Pavol Regenda,ANA,Support Player
Trevor Zegras,ANA,Offensive All Star
Walker Duehr,CGY,Support Player
Vladislav Gavrikov,LAK,Defensive Minded
Lukas Sedlak,PHI,Support Player
Martin Fehervary,WSH,Bruiser
Shane Pinto,OTT,Offensive All Star
Jordan Eberle,SEA,Offensive All Star
Moritz Seider,DET,Bruiser
Jakob Silfverberg,ANA,Defensive Minded
Evan Rodrigues,COL,Defensive Minded
Joona Luoto,CBJ,Support Player
Jacob MacDonald,SJS,Defensive Minded
Matej Blumel,DAL,Support Player
Vladimir Tarasenko,NYR,Defensive Minded
Gabriel Vilardi,LAK,Defensive Minded
Julien Gauthier,OTT,Defensive Minded
Anton Blidh,COL,Support Player
Colton White,ANA,Support Player
Cale Fleury,SEA,Support Player
Dylan Gambrell,OTT,Defensive Minded
Josh Dunne,CBJ,Support Player
Cam York,PHI,Defensive Minded
Charles Hudon,COL,Support Player
Brendan Gallagher,MTL,Defensive Minded
Juuso Valimaki,ARI,Bruiser
Jeff Skinner,BUF,Offensive All Star
Bowen Byram,COL,Defensive Minded
Oskar Lindblom,SJS,Defensive Minded
Vinnie Hinostroza,BUF,Support Player
Adam Larsson,SEA,Bruiser
Wyatt Kaiser,CHI,Support Player
Rasmus Asplund,NSH,Support Player
Ross Johnston,NYI,Support Player
Neal Pionk,WPG,Bruiser
Tyler Pitlick,STL,Defensive Minded
Matt Roy,LAK,Defensive Minded
